{
  "feature": "minecraft:end_island",
  "placement": [
    {
      "chance": 14,
      "type": "minecraft:rarity_filter"
    },
    {
      "count": {
        "distribution": [
          {
            "data": 1,
            "weight": 3
          },
          {
            "data": 2,
            "weight": 1
          }
        ],
        "type": "minecraft:weighted_list"
      },
      "type": "minecraft:count"
    },
    {
      "type": "minecraft:in_square"
    },
    {
      "height": {
        "min_inclusive": {
          "absolute": 55
        },
        "max_inclusive": {
          "absolute": 70
        },
        "type": "minecraft:uniform"
      },
      "type": "minecraft:height_range"
    },
    {
      "type": "minecraft:biome"
    }
  ]
}