{
  "feature": "minecraft:ore_gold_buried",
  "placement": [
    {
      "count": {
        "type": "minecraft:uniform",
        "value": {
          "min_inclusive": 0,
          "max_inclusive": 1
        }
      },
      "type": "minecraft:count"
    },
    {
      "type": "minecraft:in_square"
    },
    {
      "height": {
        "min_inclusive": {
          "absolute": -64
        },
        "max_inclusive": {
          "absolute": -48
        },
        "type": "minecraft:uniform"
      },
      "type": "minecraft:height_range"
    },
    {
      "type": "minecraft:biome"
    }
  ]
}