{
  "feature": "minecraft:pointed_dripstone",
  "placement": [
    {
      "count": {
        "type": "minecraft:uniform",
        "value": {
          "min_inclusive": 192,
          "max_inclusive": 256
        }
      },
      "type": "minecraft:count"
    },
    {
      "type": "minecraft:in_square"
    },
    {
      "height": {
        "min_inclusive": {
          "above_bottom": 0
        },
        "max_inclusive": {
          "absolute": 256
        },
        "type": "minecraft:uniform"
      },
      "type": "minecraft:height_range"
    },
    {
      "count": {
        "type": "minecraft:uniform",
        "value": {
          "min_inclusive": 1,
          "max_inclusive": 5
        }
      },
      "type": "minecraft:count"
    },
    {
      "xz_spread": {
        "type": "minecraft:clamped_normal",
        "value": {
          "mean": 0.0,
          "deviation": 3.0,
          "min_inclusive": -10,
          "max_inclusive": 10
        }
      },
      "y_spread": {
        "type": "minecraft:clamped_normal",
        "value": {
          "mean": 0.0,
          "deviation": 0.6,
          "min_inclusive": -2,
          "max_inclusive": 2
        }
      },
      "type": "minecraft:random_offset"
    },
    {
      "type": "minecraft:biome"
    }
  ]
}