{
  "feature": "minecraft:spring_lava_frozen",
  "placement": [
    {
      "count": 20,
      "type": "minecraft:count"
    },
    {
      "type": "minecraft:in_square"
    },
    {
      "height": {
        "min_inclusive": {
          "above_bottom": 0
        },
        "max_inclusive": {
          "below_top": 8
        },
        "inner": 8,
        "type": "minecraft:very_biased_to_bottom"
      },
      "type": "minecraft:height_range"
    },
    {
      "type": "minecraft:biome"
    }
  ]
}