{
  "feature": "minecraft:trees_water",
  "placement": [
    {
      "count": {
        "distribution": [
          {
            "data": 0,
            "weight": 9
          },
          {
            "data": 1,
            "weight": 1
          }
        ],
        "type": "minecraft:weighted_list"
      },
      "type": "minecraft:count"
    },
    {
      "type": "minecraft:in_square"
    },
    {
      "max_water_depth": 0,
      "type": "minecraft:surface_water_depth_filter"
    },
    {
      "heightmap": "OCEAN_FLOOR",
      "type": "minecraft:heightmap"
    },
    {
      "type": "minecraft:biome"
    }
  ]
}