{
  "type": {
    "ultrawarm": false,
    "natural": true,
    "piglin_safe": false,
    "respawn_anchor_works": false,
    "bed_works": false,
    "has_raids": true,
    "has_skylight": false,
    "has_ceiling": true,
    "coordinate_scale": 1,
    "ambient_light": 0,
    "logical_height": 256,
    "effects": "minecraft:overworld",
    "infiniburn": "minecraft:infiniburn_overworld",
    "min_y": -64,
    "height": 256
  },
  "generator": {
    "type": "minecraft:noise",
    "seed": 0,
    "settings": {
      "sea_level": 63,
      "disable_mob_generation": false,
      "noise_caves_enabled": true,
      "noodle_caves_enabled": true,
      "aquifers_enabled": true,
      "ore_veins_enabled": true,
      "legacy_random_source": false,
      "default_block": {
        "Name": "minecraft:stone"
      },
      "default_fluid": {
        "Name": "minecraft:water",
        "Properties": {
          "level": "0"
        }
      },
      "noise": {
        "min_y": -64,
        "height": 256,
        "size_horizontal": 1,
        "size_vertical": 2,
        "island_noise_override": false,
        "amplified": false,
        "large_biomes": false,
        "sampling": {
          "xz_scale": 5,
          "y_scale": 80,
          "xz_factor": 120,
          "y_factor": 1
        },
        "bottom_slide": {
          "target": 2,
          "size": 1,
          "offset": 1
        },
        "top_slide": {
          "target": 2,
          "size": 1,
          "offset": 0
        },
        "terrain_shaper": {
          "offset": 0,
          "factor": 0,
          "jaggedness": 0
        }
      },
      "surface_rule": {
        "type": "minecraft:sequence",
        "sequence": [
          {
            "type": "minecraft:condition",
            "if_true": {
              "type": "minecraft:not",
              "invert": {
                "type": "minecraft:vertical_gradient",
                "random_name": "cave_roof",
                "true_at_and_below": {
                  "below_top": 2
                },
                "false_at_and_above": {
                  "below_top": 0
                }
              }
            },
            "then_run": {
              "type": "minecraft:block",
              "result_state": {
                "Name": "minecraft:bedrock"
              }
            }
          },
          {
            "type": "minecraft:condition",
            "if_true": {
              "type": "minecraft:vertical_gradient",
              "random_name": "cave_floor",
              "true_at_and_below": {
                "above_bottom": 0
              },
              "false_at_and_above": {
                "above_bottom": 2
              }
            },
            "then_run": {
              "type": "minecraft:block",
              "result_state": {
                "Name": "minecraft:bedrock"
              }
            }
          },
          {
            "type": "minecraft:condition",
            "if_true": {
              "type": "minecraft:vertical_gradient",
              "random_name": "deepslate",
              "true_at_and_below": {
                "absolute": 0
              },
              "false_at_and_above": {
                "absolute": 8
              }
            },
            "then_run": {
              "type": "minecraft:block",
              "result_state": {
                "Name": "minecraft:deepslate",
                "Properties": {
                  "axis": "y"
                }
              }
            }
          }
        ]
      },
      "structures": {
        "stronghold": {
          "distance": 32,
          "spread": 3,
          "count": 128
        },
        "structures": {
          "minecraft:stronghold": {
            "spacing": 1,
            "separation": 0,
            "salt": 0
          },
          "minecraft:mineshaft": {
            "spacing": 1,
            "separation": 0,
            "salt": 0
          },
          "minecraft:ruined_portal": {
            "spacing": 40,
            "separation": 15,
            "salt": 34222645
          }
        }
      }
    },
    "biome_source": {
      "type": "minecraft:multi_noise",
      "biomes": [
        {
          "biome": "minecraft:plains",
          "parameters": {
            "temperature": [
              -0.45,
              -0.15
            ],
            "humidity": [
              -0.35,
              -0.1
            ],
            "continentalness": [
              -0.19,
              0.03
            ],
            "erosion": [
              0.45,
              0.55
            ],
            "weirdness": [
              -0.9333,
              -0.7666
            ],
            "depth": 1,
            "offset": 0
          }
        },
        {
          "biome": "minecraft:dripstone_caves",
          "parameters": {
            "temperature": [
              -1,
              1
            ],
            "humidity": [
              0.7,
              1
            ],
            "continentalness": [
              -1,
              1
            ],
            "erosion": [
              -1,
              1
            ],
            "weirdness": [
              -1,
              1
            ],
            "depth": 0,
            "offset": 0
          }
        },
		{
          "biome": "minecraft:desert",
          "parameters": {
            "temperature": [
              -1,
              1
            ],
            "humidity": [
              0.7,
              1
            ],
            "continentalness": [
              -1,
              1
            ],
            "erosion": [
              -1,
              1
            ],
            "weirdness": [
              -1,
              1
            ],
            "depth": 0,
            "offset": 0
          }
        },
        {
          "biome": "minecraft:lush_caves",
          "parameters": {
            "temperature": 0,
            "humidity": 0,
            "continentalness": 0,
            "erosion": 0,
            "weirdness": 0,
            "depth": 0,
            "offset": 0
          }
        }
      ]
    }
  }
}
