{
  "config": {
    "to_place": {
      "entries": [
        {
          "data": {
            "Name": "minecraft:flowering_azalea"
          },
          "weight": 4
        },
        {
          "data": {
            "Name": "minecraft:azalea"
          },
          "weight": 7
        },
        {
          "data": {
            "Name": "minecraft:moss_carpet"
          },
          "weight": 25
        },
        {
          "data": {
            "Name": "minecraft:grass"
          },
          "weight": 50
        },
        {
          "data": {
            "Properties": {
              "half": "lower"
            },
            "Name": "minecraft:tall_grass"
          },
          "weight": 10
        }
      ],
      "type": "minecraft:weighted_state_provider"
    }
  },
  "type": "minecraft:simple_block"
}